Length,Theta,NSR,Tenengrad,LapVar,HighStd,Clip,Score
7,-45,0.05,0.315292504157752,0.0289654419713318,0.0797177794552217,0.0159143518518519,0.14904171388228
11,54,0.05,0.319789202452922,0.0254588018929438,0.0796965472707135,0.0179076646090535,0.148385883721592
11,55,0.05,0.319088821402483,0.0243994199965605,0.0794521372865981,0.017919720936214,0.148212402291307
7,-46,0.05,0.310674042594282,0.0279421149244101,0.0790552972392003,0.015625,0.147725257838333
9,-35,0.05,0.319677078311467,0.0263228546338639,0.0799977198182821,0.0185988940329218,0.147184019331567
11,-36,0.05,0.322093137920525,0.0220880165168122,0.079513107322093,0.0197964891975309,0.147003282390028
8,60,0.05,0.306891970578824,0.0294171008858417,0.0787687790423545,0.0151387281378601,0.146805786821213
9,55,0.05,0.308919760167672,0.0277365346829658,0.0789069170023274,0.0162559477880658,0.146117441678956
8,-35,0.05,0.310826894529156,0.0279893164026857,0.0792189862549693,0.0170797968106996,0.145669211365663
8,-45,0.05,0.306451387414004,0.0210936674952965,0.0774769804602513,0.016529224537037,0.145558107769239
11,-35,0.05,0.316147897970385,0.019622810283127,0.078440560627642,0.0197362075617284,0.145079886537592
12,54,0.05,0.312897453453647,0.021527797667049,0.0784160423727285,0.0187757201646091,0.14488174309346
9,-45,0.05,0.305357918603825,0.0192042844137638,0.0772455692351079,0.016991383744856,0.144562951798287
9,54,0.05,0.304619410646994,0.0279980901240661,0.0784292214729629,0.0161795910493827,0.144514311738851
12,-36,0.05,0.315512172369094,0.0186675582842228,0.078252540257464,0.0200898598251029,0.144443944544849
9,-36,0.05,0.310736439865872,0.0258401375860097,0.0789122860990629,0.0181970164609053,0.144322954049364
9,-46,0.05,0.3037783723082,0.0195690972599835,0.0771402834572713,0.0169712898662551,0.143914275047083
8,-46,0.05,0.301053967191267,0.0202770676967227,0.0767491196600419,0.0163041730967078,0.143799011878561
13,54,0.05,0.312996033803054,0.0203678185586982,0.0781997458352844,0.0197603202160494,0.143760554153465
8,-36,0.05,0.303530474127401,0.0267668670769488,0.0782209337666488,0.0167783886316872,0.143325032956075
9,45,0.05,0.300482256627166,0.0232231055799129,0.0770085683281459,0.0163885673868313,0.143232952572246
7,-41,0.05,0.296254045478105,0.0247784142518821,0.0769679541062065,0.0151949909979424,0.14287084981992
8,55,0.05,0.296209649477045,0.0281616270099847,0.0774458466111871,0.0149578832304527,0.142846906468683
12,55,0.05,0.306008260745716,0.0204137439848828,0.0775336708198132,0.0183658050411523,0.142817473487694
9,60,0.05,0.294627124067723,0.0219293288376708,0.0763839562357284,0.0150905028292181,0.142631703540641
12,-35,0.05,0.309749049390029,0.0175914433294408,0.0774701736922566,0.0200898598251029,0.142315277362738
8,45,0.05,0.29565154645652,0.0247997950134758,0.0766393551111063,0.0156169624485597,0.14222681551223
9,44,0.05,0.29749032994319,0.0229897863722067,0.0766464781808898,0.0163845486111111,0.14205740397797
13,55,0.05,0.307349855958542,0.0207331771460103,0.0777416481765998,0.0193584426440329,0.141990177536111
11,35,0.05,0.309273970943793,0.0233414172871314,0.078019846342438,0.0199853716563786,0.141874918285686
8,44,0.05,0.292445424784674,0.024186616402146,0.0761756192507766,0.0154562114197531,0.141217919602127
11,60,0.05,0.297214102669758,0.0214335851776876,0.0767396928485443,0.0168868955761317,0.141185304153067
13,60,0.05,0.301778145268208,0.0201981416537574,0.0770999411852023,0.0183899176954733,0.141097092066937
12,60,0.05,0.298568000428028,0.0200304561255697,0.0766480747552472,0.017481674382716,0.141092572159202
11,45,0.05,0.301487814928875,0.0200585053689889,0.0766785149505126,0.0185345936213992,0.14104844722785
7,45,0.05,0.290681626522204,0.0299358235571724,0.0770157139463372,0.0145479681069959,0.141031148067608
12,45,0.05,0.305744453207988,0.0207516638391026,0.0772984888232749,0.0197844328703704,0.140982239499646
9,49,0.05,0.293691091241011,0.0241098951321881,0.0764726357118639,0.0159344457304527,0.140966179535329
8,54,0.05,0.291560743499119,0.0274068836688911,0.0767973537494163,0.0150302211934156,0.140947428110025
12,35,0.05,0.308396869719207,0.0212215605225304,0.0776100501007166,0.0206444508744856,0.140885494020536
13,45,0.05,0.308724769019983,0.0215686224268262,0.0777884795183193,0.0207007137345679,0.14084807702284
9,35,0.05,0.299175991914295,0.0270980290506628,0.0776371454065228,0.0174012988683128,0.140828635681743
7,-40,0.05,0.289959107886761,0.0235261659932813,0.0760762480514878,0.0150221836419753,0.140674481984679
9,50,0.05,0.292821461639059,0.0249860501255284,0.0765338948456342,0.0158500514403292,0.1406213513818
8,-41,0.05,0.29155969719518,0.0207751294719779,0.075794281160689,0.0160751028806584,0.140210352056381
5,-45,0.05,0.285250919673782,0.0319646841091179,0.0765853111297046,0.0135151427469136,0.140092863417132
7,44,0.05,0.287759012090667,0.0291378076750706,0.0765373365975627,0.0144555362654321,0.140063879448581
14,54,0.05,0.304214522833728,0.018776731311268,0.0769240468021082,0.0203792116769547,0.139751502551258
5,-46,0.05,0.283377215981336,0.0312874740512387,0.0762417633992313,0.0132981288580247,0.13970616279099
8,-40,0.05,0.289719902782365,0.0215455665235998,0.0757437111351121,0.015894257973251,0.139602367717294
7,60,0.05,0.284379391195721,0.0251007617787249,0.075584291582238,0.0141862782921811,0.139431156027391
11,44,0.05,0.296342175255076,0.0194535053360195,0.0759664905221684,0.0184100115740741,0.13926736715759
12,44,0.05,0.300175444172404,0.0203573636203435,0.0765832444124871,0.0195433063271605,0.139182845602489
13,44,0.05,0.301801492853753,0.0205665944053963,0.0767584332825127,0.0204153806584362,0.138702426565536
13,-36,0.05,0.299625665979148,0.0148074065051152,0.0757999295112432,0.0202465920781893,0.138527603074587
11,50,0.05,0.291288908556622,0.022437705890953,0.0758563685137196,0.0172325102880658,0.138497044840352
12,-45,0.05,0.297075801920794,0.0164315239277992,0.0760848078692898,0.0192258230452675,0.138473344011003
7,49,0.05,0.281338733875889,0.0268024434026957,0.0754483160472486,0.0138808513374486,0.138447275210663
13,35,0.05,0.304311764761128,0.0206003837552942,0.0770234047395299,0.0214562435699588,0.138363848738217
12,50,0.05,0.294469747010215,0.0215465218741861,0.0759902420079925,0.0185144997427984,0.138236219857668
9,-41,0.05,0.288982046848832,0.0196321684524788,0.0754242049140201,0.0168627829218107,0.138169908483284
8,30,0.05,0.288762753411182,0.0277228197824381,0.0764555656350481,0.0162680041152263,0.138169567351562
5,-41,0.05,0.278383984923113,0.0298699444767061,0.0753871165366093,0.013085133744856,0.138116490382093
12,-46,0.05,0.294906205607632,0.0166923117365675,0.0758433964855155,0.0188802083333333,0.138062238335383
13,30,0.05,0.30465454390241,0.0211641147203495,0.0771383268675375,0.0217737268518519,0.138049013902852
8,35,0.05,0.287730286272572,0.027683678639408,0.0764083540100686,0.0160751028806584,0.137961389159943
7,50,0.05,0.279124337434391,0.0261187417580385,0.075089515464916,0.0138406635802469,0.137655066093518
14,50,0.05,0.298404826816429,0.020658820942542,0.0762496212977456,0.0202988361625514,0.137610583849586
12,49,0.05,0.292707100067848,0.0210203720711417,0.0757335163602235,0.0185144997427984,0.137574562372613
8,49,0.05,0.282056452913897,0.0234958422449518,0.0749976819133659,0.0150422775205761,0.137533341308565
11,-45,0.05,0.292022036053661,0.0149810486349786,0.0752462790061319,0.0185426311728395,0.137531161971744
14,60,0.05,0.294195627762912,0.0177123793237886,0.0758043014639674,0.0191132973251029,0.137454747470653
5,-40,0.05,0.276336518266946,0.0293677037414802,0.0750728373856459,0.013036908436214,0.137380618775992
13,-45,0.05,0.296430925212175,0.0174265227764718,0.0760969905199586,0.019848733281893,0.137367256424542
11,30,0.05,0.295890049907584,0.0218211405920133,0.0763142070956635,0.0196156442901235,0.137274986415155
9,30,0.05,0.2885268264821,0.0223648077377626,0.0755735730544783,0.0173972800925926,0.137153295054149
9,40,0.05,0.285114055092534,0.024013163169317,0.0754675616886841,0.016235853909465,0.137114098634502
9,-40,0.05,0.28614629353945,0.0202635117120667,0.0751950172586177,0.0168266139403292,0.13701158625902
12,30,0.05,0.298822577409107,0.0205752195355608,0.0763762531035077,0.0209177276234568,0.13694158744646
11,49,0.05,0.286724663951939,0.0208596199022556,0.0750947498255524,0.0171682098765432,0.136906394845051
8,40,0.05,0.28101067323045,0.0241054095356527,0.0749877763737517,0.0152391975308642,0.136767367234802
8,50,0.05,0.279967050306884,0.0239497228953005,0.0748898325014564,0.0149136766975309,0.136757961516921
14,55,0.05,0.293028533287632,0.0180065979140819,0.0755792537791485,0.0196317193930041,0.136392134072125
14,30,0.05,0.301656143734336,0.0192755148425822,0.0764002583622841,0.0224086934156379,0.136361700925979
17,50,0.05,0.301509526341788,0.0184956045316553,0.0762441599999263,0.0225774819958848,0.136183703397623
11,40,0.05,0.288770900424782,0.0220906972107894,0.0754626117399569,0.0184542181069959,0.135974702393238
7,55,0.05,0.274148251739266,0.0236382937019374,0.0740751528491541,0.0138286072530864,0.135897008166462
7,40,0.05,0.274960974682383,0.0254657769100929,0.0744343391396267,0.0140576774691358,0.135749883965086
17,40,0.05,0.302778915878117,0.018893960123608,0.0762850530292934,0.0234495563271605,0.135663260406805
14,45,0.05,0.294517466629785,0.0169098480182621,0.0753275469219494,0.0209056712962963,0.135635522171196
7,-35,0.05,0.275107402284166,0.0195512550059919,0.0736774051879567,0.0145961934156379,0.135607869237666
11,-46,0.05,0.284658919107637,0.0143172405981784,0.0742372788129356,0.0180563593106996,0.135326324021705
7,54,0.05,0.272964166210013,0.0241072890726956,0.0740429191756167,0.0138687950102881,0.135277766567933
13,-35,0.05,0.291724085158242,0.0151555567763823,0.0750433145340043,0.0203550990226337,0.135211743100153
16,45,0.05,0.298863236961622,0.0185708417543873,0.0760474077047626,0.0225051440329218,0.135196938482411
14,40,0.05,0.293515014284925,0.0202386145541543,0.0754824624442659,0.0210262345679012,0.134927761786566
5,-35,0.05,0.269900744099385,0.0287264631839746,0.0743632123304066,0.0129806455761317,0.134731767410937
5,-36,0.05,0.26953928783638,0.0284597651877351,0.0742524320053586,0.0129324202674897,0.134690666335185
13,50,0.05,0.28581282374129,0.0183078012154353,0.0743888447210856,0.0191454475308642,0.134386483655264
16,54,0.05,0.293371060787815,0.018475776430619,0.0755278418089397,0.0214281121399177,0.134337209688438
7,-36,0.05,0.271241176775603,0.0196041243817178,0.0732933204482947,0.0144756301440329,0.134115423903093
7,30,0.05,0.274188525044114,0.0249128484080712,0.074344383907666,0.0150784465020576,0.134076681175147
11,-40,0.05,0.282376624616395,0.0182121295230255,0.0743151631666005,0.0181487911522634,0.13407385388037
14,35,0.05,0.293183269506462,0.0182468581002982,0.0752578983959491,0.0218782150205761,0.13386488071289
13,-46,0.05,0.285272030485902,0.015996477662638,0.0745235161074227,0.0193785365226337,0.133754333490552
12,40,0.05,0.285232035278862,0.0204998733954046,0.0747070617760455,0.0193303112139918,0.133680991263004
14,49,0.05,0.285594063498166,0.0193683378321691,0.0744790985931017,0.019872845936214,0.133315132612591
13,40,0.05,0.284969366255076,0.0184101073081132,0.074121832018482,0.0200054655349794,0.133080693558967
14,44,0.05,0.287134725424283,0.0163050087721972,0.0742746434647166,0.02075295781893,0.133067930965823
14,-36,0.05,0.286941082404192,0.0130931614531307,0.0740124775442107,0.0209538966049383,0.132892146440012
16,50,0.05,0.289877478688237,0.0165339783228233,0.0745025314119063,0.0218139146090535,0.132891853225292
11,-41,0.05,0.277973739575339,0.0164877873459999,0.0735545619002681,0.0178514017489712,0.13283821051955
16,44,0.05,0.290933138450483,0.0176914475271379,0.0748855573995676,0.0222198109567901,0.13264921946563
16,40,0.05,0.292296991641156,0.0169592819750351,0.0747028458154624,0.022850758744856,0.132618514106474
17,60,0.05,0.2864043257132,0.0180101194311171,0.0746771847643799,0.0206725823045267,0.132580877184193
16,55,0.05,0.286895242598538,0.0187197668374477,0.0747717885324838,0.0208775398662551,0.132498680139512
7,35,0.05,0.266994960190563,0.0226582730620476,0.0729787697763222,0.0144113297325103,0.132305782567701
17,30,0.05,0.294335087640578,0.0191474221997286,0.0753073635752635,0.0236143261316872,0.132264023210518
13,49,0.05,0.28044170181504,0.0185449047431178,0.0738167081254884,0.0191293724279835,0.132236757188284
14,-40,0.05,0.282835750262973,0.0162156875671891,0.0737743317725128,0.0200778034979424,0.132209522375068
5,49,0.05,0.258540052074397,0.0308986340732519,0.0728470081661376,0.0115780928497942,0.131906040394175
5,50,0.05,0.257809113147243,0.0302788532168444,0.072665076115485,0.0114133230452675,0.131877253030463
5,45,0.05,0.258346441669418,0.0321362756056586,0.0730760153921482,0.0117709940843621,0.131395109802056
16,35,0.05,0.289423628415912,0.0191862154793579,0.0748299618758024,0.0229271154835391,0.131148327701917
5,44,0.05,0.25721009748037,0.0318819213106655,0.0728770579289722,0.011622299382716,0.131148238198473
5,60,0.05,0.255838333937224,0.0288209633156166,0.0725754168052112,0.0112565907921811,0.131139562254858
17,49,0.05,0.285057693980447,0.0176539678333477,0.0739936317651668,0.0217496141975309,0.13106531118789
5,55,0.05,0.254478376756136,0.0281251102733959,0.0721236709241888,0.0110878022119342,0.130972375630469
12,-40,0.05,0.274136422757727,0.0161021938628488,0.0728692805578549,0.0183778613683128,0.130774677853014
5,54,0.05,0.254161240060426,0.0282096146404589,0.0720548280524276,0.0111480838477366,0.130774344161378
16,30,0.05,0.285963072971404,0.0165560602996488,0.0738816992144938,0.0228387024176955,0.130244233874462
16,60,0.05,0.27774494022118,0.0153651650169041,0.0732229266638469,0.0200376157407407,0.13021441096174
17,-40,0.05,0.285582316447964,0.0144793677702591,0.0737589490658058,0.0232888052983539,0.129611861456577
13,-40,0.05,0.271404199577914,0.0138860340815739,0.0719453197295276,0.0187877764917695,0.129535638174625
12,-41,0.05,0.26998358070708,0.0152701942489403,0.0723265197197653,0.0181045846193416,0.129466367150649
17,45,0.05,0.282830329410208,0.0149007626276735,0.0733811735046541,0.0229030028292181,0.129035982163794
5,40,0.05,0.249685715902489,0.0294754822976575,0.071520435687006,0.0114655671296296,0.128405091289048
16,49,0.05,0.275585980102006,0.0163085949577273,0.0726427354702286,0.0210101594650206,0.128380722463837
14,-45,0.05,0.270095629559996,0.0117045031331573,0.0717842914780215,0.0197482638888889,0.127837269143201
17,35,0.05,0.277342981918663,0.0160285796816098,0.0726233639918541,0.0228105709876543,0.127079021160052
14,-35,0.05,0.269872561701523,0.0120966499352654,0.0718101371288219,0.0202988361625514,0.127053973389836
16,-40,0.05,0.274859267358952,0.0121952443333428,0.0720329991675882,0.0224408436213992,0.126713074115664
17,54,0.05,0.271668222164318,0.0145313417577218,0.072093947321906,0.021191004372428,0.126666050193409
13,-41,0.05,0.263031501129557,0.0140065482061552,0.0710172792259975,0.0183979552469136,0.126571129332156
17,55,0.05,0.270725971757404,0.0149364769798053,0.0719699966099126,0.0210222157921811,0.126498934694089
17,44,0.05,0.274126027496748,0.0143226598022635,0.0721505784520659,0.022485050154321,0.126255144862948
16,-45,0.05,0.271648136848712,0.0139490878948271,0.0721326355744479,0.0217616705246914,0.125963648724908
14,-41,0.05,0.262148036282931,0.0143247155126578,0.0708797718675311,0.0190891846707819,0.125394799153379
14,-46,0.05,0.261920069050562,0.0112413100828759,0.070624455440174,0.0193423675411523,0.125135484207242
5,35,0.05,0.239440192096405,0.0267519049386808,0.0699581327121784,0.0111802340534979,0.12450183761556
16,-36,0.05,0.268952381581897,0.0130507244729591,0.0717099193252841,0.0224528999485597,0.124161063909567
5,30,0.05,0.236539575493192,0.0275231623417444,0.0698595202416076,0.0112164030349794,0.123010408179228
16,-35,0.05,0.265789189271417,0.0143033595100898,0.0713861546180728,0.0225212191358025,0.12280687395445
16,-46,0.05,0.258828458369472,0.0127508415594796,0.0702644720364931,0.0209338027263374,0.122012880575635
17,-41,0.05,0.261003950550482,0.0128542965050602,0.0702702604088455,0.0220228909465021,0.12178460732439
16,-41,0.05,0.25914670658042,0.0122149303397346,0.0699195494259029,0.021436149691358,0.121784132254752
17,-45,0.05,0.249152657699499,0.00968927835135057,0.0683103605950111,0.0214281121399177,0.117988676024271
17,-35,0.05,0.253500663805181,0.0109365682255538,0.0688711766675383,0.0230356224279835,0.117938870330192
17,-36,0.05,0.251064673717655,0.0099938549803477,0.0685629749628156,0.0227985146604938,0.117232288333794
7,45,0.08,0.210234433654349,0.0183454896819357,0.0646957995065915,0.00751912937242798,0.116969724992373
5,45,0.08,0.204256438066144,0.0207360775384437,0.0640885642557034,0.00540927211934156,0.116779952412682
5,49,0.08,0.203353522474539,0.0199066654693459,0.0638229007301838,0.005200295781893,0.116719920945803
5,44,0.08,0.203804479244068,0.0205671565548292,0.0639800776164663,0.00539721579218107,0.116609956552578
7,44,0.08,0.208782546099315,0.0179079100688264,0.0644124112496984,0.00741865997942387,0.11647579312485
7,-45,0.08,0.210702868522856,0.0161152589123515,0.0643220405981193,0.00829475308641975,0.116467341241415
5,50,0.08,0.202583719436193,0.0195485265589319,0.0636678950911051,0.00518422067901235,0.116403116481027
5,-45,0.08,0.205387648056073,0.0182458375266531,0.064135442556407,0.00630144032921811,0.116210024130649
8,60,0.08,0.209623013888465,0.0172030407164821,0.0642871942203712,0.00813802083333333,0.116093961685316
5,-46,0.08,0.203913564578232,0.0177790337756697,0.0638388407211407,0.00626527134773663,0.115617325767111
5,40,0.08,0.199838616348415,0.0192730294730173,0.0631693559904409,0.00504356352880658,0.115342648559354
17,-46,0.05,0.240370204573428,0.00944550938496722,0.0670233825725275,0.0207368827160494,0.11528704678881
7,-46,0.08,0.207207909451372,0.0154685979873865,0.0637463243830349,0.00813400205761317,0.115106342467274
5,-41,0.08,0.202251355630679,0.0170844411736613,0.0634543545550208,0.00613265174897119,0.115098878447464
5,-40,0.08,0.20141917712947,0.0168608753646724,0.0633033317822481,0.00606835133744856,0.114807989950931
8,45,0.08,0.206435207063611,0.0150776482886878,0.0633688244190628,0.00826260288065844,0.114753784134259
5,54,0.08,0.198720338413393,0.0182987676614072,0.0630408968365148,0.00510384516460905,0.114702429419118
5,55,0.08,0.198485520835779,0.0182262648816221,0.0630268539164513,0.00518020190329218,0.114475263893287
7,49,0.08,0.202592294395729,0.0163346226267929,0.0633271740657837,0.00692836934156379,0.114340117707427
9,55,0.08,0.206392761237508,0.0159723598682462,0.0636283783618364,0.00855597350823045,0.114192978686698
8,44,0.08,0.204800405469865,0.0147883044053544,0.0630939137402562,0.00815007716049383,0.114162306303209
8,30,0.08,0.207312173363928,0.0171201221070369,0.0639280458968488,0.00886140046296296,0.114126731028229
7,40,0.08,0.201471818135974,0.0158959222830126,0.0630263562293558,0.0070288387345679,0.113771870861608
7,50,0.08,0.200645627107832,0.0158949512682142,0.062983949551502,0.00687612525720165,0.113528313403259
5,60,0.08,0.197189108896543,0.0184161243141191,0.0630124386620704,0.00540123456790123,0.113447753932506
5,-36,0.08,0.198710679674316,0.0165953520260896,0.0629505179309494,0.00610452031893004,0.113445524353874
5,-35,0.08,0.198935670006867,0.0167862984716544,0.0630301143473958,0.0061889146090535,0.113413147639222
9,35,0.08,0.207226232013217,0.0163684265379439,0.0637435477704318,0.00952047968106996,0.113371879960766
9,54,0.08,0.204310303368894,0.0161306870167605,0.0633496521537697,0.00851578575102881,0.113265837335001
8,55,0.08,0.202767491028028,0.0164811418867651,0.0632715075028123,0.00798932613168724,0.113119838382581
8,35,0.08,0.204289891172469,0.0168953897143387,0.0635314520602049,0.00853989840534979,0.113110281031548
9,45,0.08,0.204543864372592,0.0138924610267494,0.0628142086487996,0.00906233924897119,0.113045828676235
7,30,0.08,0.20217350065793,0.0158441571227365,0.0630981157442985,0.00792502572016461,0.1129788048901
11,55,0.08,0.205294792723814,0.013784632936069,0.0628832221776726,0.00974553112139918,0.112567840019867
11,54,0.08,0.205660017831539,0.0143375698153995,0.0630251963279819,0.00985001929012346,0.112551513716662
7,60,0.08,0.198937400861137,0.0149851069441827,0.0625666668943725,0.00720164609053498,0.112413090843475
5,35,0.08,0.193323286050573,0.0179313779077056,0.0621083849012231,0.00494309413580247,0.112400805725604
9,44,0.08,0.202726095934758,0.0137699066706561,0.062550863602833,0.0089819637345679,0.112304423770977
8,40,0.08,0.199439063057277,0.014846198959011,0.0624601140587103,0.00786072530864198,0.111930245656972
8,54,0.08,0.200119880872317,0.0160813458361843,0.0628359901818997,0.00798932613168724,0.111914705717438
8,-35,0.08,0.202051716048295,0.0152434029882803,0.0629387686685305,0.00890158822016461,0.111790163554232
7,35,0.08,0.197580528687922,0.0145766383868822,0.0621767343002166,0.00731417181069959,0.111750483080309
9,-35,0.08,0.203891124900281,0.0141074444439844,0.062892459725416,0.0100308641975309,0.111443813883078
7,-41,0.08,0.197774815185835,0.0136357955102332,0.0621343982015952,0.00770801183127572,0.111390788661242
9,49,0.08,0.199279777635351,0.0142005030903596,0.0622170323855833,0.00849971064814815,0.111195023415141
8,-45,0.08,0.198190394804524,0.0115220388165029,0.0615435813774282,0.00841129758230453,0.111114337172448
7,55,0.08,0.195102621881619,0.0143601204442244,0.0618924488714548,0.00684799382716049,0.111113593663657
7,54,0.08,0.194991376881318,0.0146519306193803,0.0619579820963669,0.0067676183127572,0.111110490936027
9,50,0.08,0.19878669372327,0.0146613585386407,0.0622588283221109,0.00839924125514403,0.111018473805484
8,49,0.08,0.196548318435419,0.014118312557924,0.0619319922276694,0.00765576774691358,0.110891675968138
9,30,0.08,0.20137720128068,0.0139873156627314,0.0623930583389233,0.00968123070987654,0.110795645462683
11,35,0.08,0.205250062787628,0.0138870219438098,0.062745821176917,0.0112646283436214,0.110781258415184
5,30,0.08,0.190834551563322,0.0183829230451077,0.0619276394236911,0.00526057741769547,0.110661574865301
9,40,0.08,0.197409460237899,0.0145426020671058,0.0620318629535552,0.00864438657407407,0.110087419122212
8,50,0.08,0.194859695958466,0.0142788302743542,0.0617678083292754,0.00769193672839506,0.109995961649286
9,60,0.08,0.195075827438794,0.012803977989231,0.0614409815349807,0.00804960776748971,0.109876991609919
7,-40,0.08,0.193530319693985,0.0129022497608353,0.0614146918880207,0.00748697916666667,0.109718124976363
8,-46,0.08,0.194371193066934,0.0110635867631611,0.0609270223290013,0.00820232124485597,0.109608846939795
8,-36,0.08,0.196680862077151,0.0144930840725977,0.0620497460105033,0.0087207433127572,0.109576862996975
12,54,0.08,0.198185421834507,0.0121358036260636,0.0615771519097832,0.0100027327674897,0.109143388625729
9,-36,0.08,0.197594297226134,0.0137395408548782,0.0619263339375404,0.00973347479423868,0.108931429755939
9,-45,0.08,0.194040825138827,0.0104288505904906,0.0607597613095861,0.00872878086419753,0.108878767692787
11,-36,0.08,0.198577779099617,0.0116412794137386,0.0614366429685797,0.0105653613683128,0.108769592162634
12,35,0.08,0.202341072401243,0.0127549039229121,0.0620834258376781,0.0120563271604938,0.108670962476127
11,45,0.08,0.197188807427809,0.0118606880615066,0.0612590141917116,0.0103001221707819,0.108429347517508
9,-46,0.08,0.192457634305341,0.0105532028410976,0.0605611932027424,0.00864840534979424,0.108208587796267
11,30,0.08,0.198213313103766,0.0131619214749014,0.0616266663927683,0.0111842528292181,0.10772745333155
11,-35,0.08,0.195577093332218,0.010410230919232,0.0607693826509306,0.010400591563786,0.107714095890852
12,55,0.08,0.194258158741092,0.0115704698937602,0.0609629921172723,0.00973749356995885,0.107659240887531
12,45,0.08,0.19720924534833,0.0119570408197715,0.0612619806362011,0.0110395769032922,0.107564102266353
13,54,0.08,0.195860799039529,0.0113687732623165,0.0610307393152428,0.0106979809670782,0.107364107171879
8,-41,0.08,0.188683440965092,0.011241988603819,0.0601907561665525,0.00803353266460905,0.107049684016218
11,44,0.08,0.193979493506355,0.011571399590302,0.0607132638260311,0.0102679719650206,0.107023636631513
11,60,0.08,0.190235579677396,0.0120280940734967,0.0605405459987126,0.00889756944444444,0.106672750211095
8,-40,0.08,0.187713162854654,0.0116154078070478,0.0601537995723639,0.00791698816872428,0.106662614425476
13,45,0.08,0.196684286362697,0.0122364643252454,0.0612310787853118,0.0115981867283951,0.106645883772501
13,55,0.08,0.192452134813813,0.0114895063134476,0.0606432430558394,0.0103443287037037,0.106132530637002
7,-35,0.08,0.184484951736394,0.0107676283985469,0.0596613655943676,0.0070971579218107,0.106113846962313
12,44,0.08,0.193470937161619,0.0117335314993018,0.0606544322697627,0.01098733281893,0.105936534417686
12,30,0.08,0.196290249115353,0.0123226515005829,0.0610933472543045,0.0121768904320988,0.1058470147836
12,-36,0.08,0.192684545747224,0.00983012797452674,0.0601894923825926,0.0109551826131687,0.105812573539198
13,30,0.08,0.197332449070907,0.0124507666638703,0.0612390537940289,0.0128841949588477,0.105521173464677
13,35,0.08,0.196308964555187,0.0121478260956974,0.0610594226784596,0.0126390496399177,0.105351280027822
12,60,0.08,0.187843078528413,0.01116586026286,0.0599611506136894,0.00929542824074074,0.105203565943837
7,-36,0.08,0.182315233626331,0.0107936231942752,0.0594026789286503,0.00702481995884774,0.105109712478296
11,40,0.08,0.18989532106082,0.0129229761832011,0.0603217649834323,0.0102559156378601,0.105011084770266
11,50,0.08,0.187983570279134,0.0126555343721498,0.0600345173425736,0.00951646090534979,0.104979202901444
13,44,0.08,0.192237617188202,0.0117522064905416,0.060409992338122,0.0114213605967078,0.104903012612208
12,-35,0.08,0.190207301281367,0.00935574769658208,0.0597701294327931,0.0108064879115226,0.104864949253726
13,60,0.08,0.187710029847453,0.0111460342531776,0.0599468123636423,0.00962094907407407,0.104755500115674
12,50,0.08,0.187672746547879,0.0121629604624084,0.0597673671738112,0.0100268454218107,0.104366389908397
11,49,0.08,0.185733495154633,0.0118730327575134,0.0595662780970062,0.00942001028806584,0.104107027911004
12,49,0.08,0.187148787380051,0.0119325287976654,0.0596684371352827,0.0100630144032922,0.104090404785074
9,-41,0.08,0.183559676682641,0.0105455891829463,0.0592566206709551,0.00874485596707819,0.10385487154223
14,54,0.08,0.188727651783116,0.0104490766784533,0.0597586232198368,0.0110878022119342,0.10373400004353
14,30,0.08,0.192795470227526,0.0114060148704636,0.0602854730704821,0.0132378472222222,0.103231026445643
9,-40,0.08,0.182147132162059,0.0108562245674501,0.0591165790865604,0.00870466820987654,0.103184357741255
12,40,0.08,0.184772414121795,0.0119762078969126,0.0592679955285673,0.0106015303497942,0.102383405950814
5,45,0.12,0.16247718121503,0.0137625410096492,0.0565302556291397,0.00122572659465021,0.102198663244073
5,44,0.12,0.162392270214432,0.0136691202958658,0.0564854334255341,0.00122170781893004,0.102179227479119
11,-45,0.08,0.17990799453982,0.00808877946417641,0.0581942842602853,0.00931552211934156,0.101743339637494
14,50,0.08,0.184225345019821,0.0113598151378839,0.0589852840925857,0.011107896090535,0.101669012573412
5,49,0.12,0.161108281619813,0.0131931700703566,0.0562310625322389,0.00114133230452675,0.101636801130925
12,-45,0.08,0.18072355334822,0.00865429295364999,0.0584094395876961,0.00979375643004115,0.101531824485165
5,40,0.12,0.160657463917737,0.0130601345482819,0.0560694491683896,0.0011694637345679,0.101419803250277
5,50,0.12,0.16040465217436,0.0129882572416284,0.0560965196018038,0.00110516332304527,0.101325151739288
14,45,0.08,0.185342821346669,0.00980701597065085,0.0589931647715335,0.0119960455246914,0.101288390977282
14,60,0.08,0.181110807392829,0.0098295962865371,0.0586410076383981,0.0101433899176955,0.101220056398093
14,55,0.08,0.18182972794494,0.0100298692123877,0.0586755075977914,0.010718074845679,0.100953891981035
14,35,0.08,0.186880228728791,0.0108498075141565,0.0593159895300719,0.012988683127572,0.100856411141592
12,-46,0.08,0.178560245260165,0.00873310486094863,0.0580507369442335,0.00962496784979424,0.100710416152156
13,-36,0.08,0.180977807035983,0.00780735971404182,0.0580015964630735,0.0110958397633745,0.100435383086217
14,40,0.08,0.183925581554432,0.0114988155155591,0.0588757828156668,0.0121286651234568,0.100432728127972
13,-45,0.08,0.178507002298364,0.00903099379962379,0.0580608779752516,0.0101835776748971,0.100044258164957
13,50,0.08,0.178680963970589,0.0103075112545641,0.0579449087185583,0.0104166666666667,0.0999455872928459
13,40,0.08,0.181041585297513,0.0107577623815797,0.0582665335185023,0.0114615483539095,0.0999182928246922
11,-46,0.08,0.174864031365207,0.00772054131824981,0.057306464103506,0.00907439557613169,0.0996630343789361
5,54,0.12,0.157000788284854,0.0122715950013674,0.0555220393086915,0.0011011445473251,0.0995412628312876
14,44,0.08,0.180527486655293,0.00950199566542227,0.0581182579568672,0.0116825810185185,0.0994732668479341
5,35,0.12,0.156893724280575,0.0124854780283877,0.0554186856782926,0.00115338863168724,0.0994726668442878
16,45,0.08,0.184096619169571,0.010334966731838,0.0588594097406718,0.0131213027263374,0.0994568422052427
5,55,0.12,0.156623756418901,0.0122212092238436,0.0554752331687198,0.00113329475308642,0.0992912049340928
17,40,0.08,0.184058035014662,0.0105206810655331,0.0586792883026507,0.0136678562242798,0.0989479527303466
13,49,0.08,0.17632382066641,0.0104284646574742,0.0576275502176399,0.0103242348251029,0.0989049569297752
16,54,0.08,0.179499559341445,0.0100797238209469,0.058188669888179,0.0117991255144033,0.0987417347936793
13,-35,0.08,0.176634670824121,0.0079161048136317,0.0574255111712305,0.0108707883230453,0.0985865612797247
17,50,0.08,0.181288963457654,0.0100022914371015,0.0582471689422745,0.0128319508744856,0.0985742526408354
14,49,0.08,0.176789783282427,0.0107046242441641,0.0576652271917276,0.0108949009773663,0.0985148112723788
5,30,0.12,0.155168559823872,0.0128101560396206,0.0552686701180863,0.00134227109053498,0.0982370396684237
7,45,0.12,0.157003256684996,0.0117964546770173,0.0552922749722456,0.0023389274691358,0.0981453579945323
5,60,0.12,0.154717972506888,0.0122811537235824,0.0552821842813299,0.00129806455761317,0.0979982425567655
7,44,0.12,0.156451238564404,0.0115705003190812,0.0551583473181097,0.00228668338477366,0.0979462591120427
11,-40,0.08,0.171879938007852,0.00942569676567215,0.0569288776401545,0.00933561599794239,0.0978814525595126
16,44,0.08,0.178933189384624,0.00992009126178959,0.0578904849978854,0.0128078382201646,0.097508000811662
17,30,0.08,0.182260413553097,0.0109335826770229,0.0584698949587012,0.0142465599279835,0.0974847424950692
16,35,0.08,0.180200575932833,0.0110237535427271,0.0582302112668198,0.0135593492798354,0.0972223554492566
13,-46,0.08,0.17125185405731,0.00829917652143608,0.0567315397514627,0.00980179398148148,0.0971172654461975
11,-41,0.08,0.169647240062863,0.00860556332945855,0.056446821695458,0.00912262088477366,0.0971121622230121
16,40,0.08,0.179114281926385,0.00969196626997468,0.0577014485174768,0.0133945794753086,0.097085854062983
16,30,0.08,0.179266286669867,0.00982490205419188,0.0577640949869287,0.0135231802983539,0.0970000783255142
16,50,0.08,0.175565145742343,0.00913749687014371,0.0571375828481175,0.0119679140946502,0.0969579933003324
7,30,0.12,0.153797540105004,0.0105823971325471,0.0544412977182898,0.00216612011316872,0.0968659778549754
5,-45,0.12,0.152630817639077,0.0108442293142237,0.0546391884258009,0.00146685313786008,0.0968636248818014
16,55,0.08,0.174742935337916,0.0101497698522424,0.057433113776337,0.0115941679526749,0.0967453952151693
14,-36,0.08,0.172612971676565,0.00693414771582352,0.056489302627676,0.0112686471193416,0.096417501476285
5,-46,0.12,0.151573177980876,0.0105460248748157,0.0544029247384758,0.00141460905349794,0.0964008854918693
7,40,0.12,0.152651641859663,0.0104901798285731,0.054318553658494,0.00201742541152263,0.0963993432029172
5,-41,0.12,0.151490313933503,0.010216235562334,0.0543018790374279,0.00143872170781893,0.0963805617489787
5,-40,0.12,0.151257416196568,0.0101259412045147,0.0542489200122196,0.00142666538065844,0.0962795984473869
8,30,0.12,0.15413384329129,0.0111449430914611,0.0544643930820031,0.00284931198559671,0.096235601780713
5,-35,0.12,0.150843694375563,0.0102817120348114,0.0542631201018689,0.00149096579218107,0.0959290564364206
5,-36,0.12,0.150650743504956,0.0101476771246213,0.0541971139096524,0.00143872170781893,0.0959103409681871
7,49,0.12,0.151277991664771,0.0104711704536339,0.0541480235853341,0.00188882458847737,0.0957906267035354
7,35,0.12,0.150710295311774,0.00985230642695845,0.0538001325914937,0.00177629886831276,0.0957786337723572
17,60,0.08,0.171949938741793,0.00965058262801184,0.0569406261374874,0.0115579989711934,0.095497702248108
7,50,0.12,0.149733768361936,0.0101805112468354,0.0538396749980599,0.00184863683127572,0.0950467618136451
8,45,0.12,0.1502145529568,0.0096501733581228,0.0534944267769531,0.00241126543209877,0.0948821624637864
8,35,0.12,0.150999534424403,0.0109498016625872,0.0539680921498825,0.00262827932098765,0.0948342694887069
17,49,0.08,0.171289653785663,0.00959938091661723,0.0564524966459743,0.0122090406378601,0.0947028841030301
12,-40,0.08,0.165023090672548,0.00832847019223856,0.0554809435204085,0.00942402906378601,0.0946618687152103
16,60,0.08,0.168550624519078,0.00847174686606128,0.0561829096263168,0.011035558127572,0.0945564195173712
8,44,0.12,0.149490157845853,0.00951948271506466,0.053353712357193,0.00237509645061728,0.0945518439924078
17,45,0.08,0.173262136959171,0.00849269275887648,0.0566827139483367,0.0133383166152263,0.0944932121678136
14,-40,0.08,0.166806838266762,0.00825037237711798,0.0555769818511413,0.0107863940329218,0.0941614761029214
8,60,0.12,0.149492840672193,0.0105689677190937,0.0536222515367216,0.00271267361111111,0.09399251660427
12,-41,0.08,0.16304988471916,0.007973398236987,0.055167524923828,0.00921103395061728,0.0939283755815223
9,35,0.12,0.149941665232305,0.0104738495100611,0.0535396101774015,0.003247170781893,0.0936936591272806
8,40,0.12,0.147526832026909,0.00969378232237245,0.0531418064578711,0.00224247685185185,0.0935925041380583
16,49,0.08,0.167083137438241,0.00900574064229921,0.0556720570533202,0.0116584683641975,0.0933482746106757
17,35,0.08,0.170887005537045,0.00939197232595634,0.0562850312091794,0.0134950488683128,0.0932406958434481
7,-45,0.12,0.146827613592374,0.00942316313243496,0.0530185520720962,0.00241126543209877,0.0930224317148373
13,-40,0.08,0.161460279434254,0.00722452118576561,0.0544668514133943,0.00980983153292181,0.0927471492649764
7,54,0.12,0.145075762698431,0.00939417442075654,0.0528923903946421,0.00178433641975309,0.0927232371425989
7,55,0.12,0.144697701322962,0.00919539911164238,0.052761074975148,0.00178433641975309,0.0925592878807155
7,60,0.12,0.145432393419529,0.00941301299877637,0.0529100628703749,0.00213396990740741,0.0925271926955414
9,30,0.12,0.146869737592545,0.0092423548356761,0.0526795135282918,0.00317885159465021,0.0923492881879002
14,-45,0.08,0.161821675935536,0.00627451383422861,0.0546406349287985,0.0105613425925926,0.0920679444554153
9,45,0.12,0.145865805458525,0.0088260046889003,0.0524512197904982,0.00301408179012346,0.0920408714093034
14,-35,0.08,0.162538560695377,0.00640722117581478,0.0547658086245081,0.0109190136316872,0.0920356910019582
17,44,0.08,0.167401701767536,0.00819036482618073,0.0556037716677612,0.0131574717078189,0.0920200550508462
8,55,0.12,0.145629770888764,0.0102136576894858,0.0529600271247623,0.00268052340534979,0.0919838195060049
17,54,0.08,0.164680176610361,0.00806305731821744,0.0552790026818588,0.0119317451131687,0.0919269202616006
7,-46,0.12,0.144496605991769,0.00902512639813647,0.0525710997200229,0.00231481481481481,0.0919185340866797
17,-40,0.08,0.166317129172111,0.0073219813294172,0.0552687642055636,0.0131333590534979,0.0916168712878697
9,44,0.12,0.144895412077817,0.00876822986440011,0.0522880260614711,0.00296585648148148,0.0915785937780122
8,49,0.12,0.143440000594807,0.00895566328075862,0.0523207239711516,0.00220228909465021,0.0915231928842968
17,55,0.08,0.163073584342691,0.008214059233697,0.0549883413783823,0.0117147312242798,0.0913998383820852
8,54,0.12,0.144259801780085,0.0100014293908066,0.0526959455675653,0.00257201646090535,0.091396237607695
9,55,0.12,0.144865397629393,0.00969328556920748,0.0525855187880307,0.0030542695473251,0.0912859621602777
9,40,0.12,0.143357129208834,0.00934300371237935,0.0522359880545283,0.00267650462962963,0.0909689963464804
9,54,0.12,0.144103653734674,0.00980453108049318,0.0524760384800592,0.00296987525720165,0.0909654616180403
13,-41,0.08,0.156930864751763,0.00725184320020869,0.0537852407408793,0.00942001028806584,0.0909084009805338
8,50,0.12,0.142207423633141,0.00901315467511593,0.0521575125450008,0.00222238297325103,0.0908080169733019
9,49,0.12,0.142299285578132,0.00887027003016885,0.0519295587076046,0.00275688014403292,0.0903812791078452
9,50,0.12,0.142040318296228,0.00911062037294152,0.0519623506189227,0.00272874871399177,0.0902302473662056
16,-45,0.08,0.160279931042796,0.00715314149769531,0.0543857638376479,0.0117790316358025,0.0900733302450486
16,-40,0.08,0.160780770666248,0.00630287466944491,0.0540961412055946,0.0122130594135802,0.0900620295960558
14,-46,0.08,0.156299862205153,0.00601183827714263,0.0535926994310988,0.0102398405349794,0.0897901561150901
16,-36,0.08,0.160403290435086,0.00671118875443859,0.0543676020847627,0.0126189557613169,0.089308667208132
7,-41,0.12,0.138937624026069,0.00795948486130286,0.0514430187566544,0.0021460262345679,0.0892140883440649
14,-41,0.08,0.154894164748845,0.0073077248753421,0.0533736546788648,0.0102117091049383,0.0891235750834554
11,35,0.12,0.143039694536181,0.00881152343359594,0.0517237029431509,0.00445280349794239,0.0890495605008013
8,-35,0.12,0.138587493147412,0.00876266854798825,0.0513436634097076,0.00290155606995885,0.0881898420522457
16,-35,0.08,0.157567333758558,0.00726547837198882,0.053905227852911,0.0125024112654321,0.0880707000085037
7,-40,0.12,0.136306727337439,0.00753222874933719,0.0509103848527421,0.00201340663580247,0.0879754694079622
11,54,0.12,0.139254045274674,0.0085643886757943,0.0511234406671936,0.00360886059670782,0.0879455750092714
11,55,0.12,0.138986177580138,0.00824794375449307,0.0510225598888781,0.00357269161522634,0.0878725327263561
11,30,0.12,0.139837564861968,0.00845237555977971,0.0510884073518747,0.00414737654320988,0.0877367248067003
9,60,0.12,0.136653094370277,0.00792297774366219,0.0507872224995785,0.00269257973251029,0.087501447215714
8,-45,0.12,0.135000095154627,0.00668251463101441,0.0501355720431778,0.00227864583333333,0.0872697627524986
9,-35,0.12,0.137143148008022,0.00797861168921535,0.050748459138333,0.00336773405349794,0.0870839014538799
12,35,0.12,0.139608410239174,0.00814735067155458,0.0509201489088353,0.0049390753600823,0.086822068741575
16,-46,0.08,0.15205651678967,0.00655486558632633,0.0527968043331761,0.0112807034465021,0.0867119456376893
8,-36,0.12,0.135035596800765,0.00831847067802658,0.0506381374783034,0.00274080504115226,0.0864948854393594
11,45,0.12,0.136088271300358,0.00743081413486833,0.0502393664357182,0.00384194958847737,0.0861736684410592
16,-41,0.08,0.150823270005434,0.00625847776499146,0.0522631501364783,0.0114575295781893,0.0860970497496598
8,-46,0.12,0.132515173010337,0.00641449280825848,0.0496530785409952,0.00222640174897119,0.0859896917995999
17,-41,0.08,0.150985820798032,0.00650343874535498,0.0523592119200699,0.012036233281893,0.0855775006481323
7,-35,0.12,0.131087002523993,0.00635594653939953,0.0496879123980001,0.00185667438271605,0.0854536667624486
11,44,0.12,0.134302659575682,0.00729953601148073,0.0498718737404477,0.0037696116255144,0.0853196897439537
9,-36,0.12,0.133110850111913,0.00774077721486501,0.0499889769062785,0.0031225887345679,0.0851995843316446
12,30,0.12,0.136014039945509,0.00787074348149523,0.0501910550679404,0.00493103780864198,0.0849805557462085
7,-36,0.12,0.129893953247319,0.00638078771504911,0.0495296614021626,0.00176826131687243,0.0848612997478579
12,45,0.12,0.13417398057198,0.00736407567874313,0.0498462372511889,0.00421971450617284,0.0847669809523937
11,40,0.12,0.132625943599062,0.00812068477526981,0.049715337538375,0.00365708590534979,0.0844592485506888
12,54,0.12,0.13250245864982,0.00726001188479444,0.0496219389212514,0.00363699202674897,0.0844524549380065
8,-41,0.12,0.129707538191582,0.00648884377845188,0.0492202968175488,0.00221836419753086,0.0844136726011123
9,-45,0.12,0.130237769122062,0.00606681602497535,0.0490650955529884,0.00275688014403292,0.0842532883384638
8,-40,0.12,0.129342006976172,0.00669023730978879,0.049227778260962,0.002270608281893,0.0841144907811777
13,30,0.12,0.134969219027974,0.00784964944326857,0.0499650299255178,0.00548562885802469,0.0838650008682778
17,-45,0.08,0.146535950713533,0.00516812887967563,0.0514177176937519,0.0117026748971193,0.0838195741666637
9,-46,0.12,0.129051234283905,0.00610317143277828,0.0488627492878431,0.00265239197530864,0.0837084381990424
12,44,0.12,0.131963256417529,0.00724694792831754,0.0494028534907922,0.00415139531893004,0.0836769394948707
12,55,0.12,0.130334811956497,0.00696575812801142,0.0492155417580845,0.0034521283436214,0.0834838459019276
17,-35,0.08,0.148823399522612,0.00565676702706785,0.0517938408899473,0.0132941100823045,0.0834295773032331
17,-36,0.08,0.148586694973846,0.00524744590087691,0.051780966560653,0.0131695280349794,0.0834194229146192
13,35,0.12,0.133636657366308,0.00765063943099736,0.0497110460695337,0.00532889660493827,0.0833308128728632
11,60,0.12,0.129119522026414,0.00719741652969717,0.0491318383652716,0.00293370627572016,0.0833033200242986
13,45,0.12,0.1322089398912,0.00741869196107798,0.0494861146698377,0.00463364840534979,0.08327943233359
11,50,0.12,0.129352119115699,0.007648494879183,0.0490597341501525,0.003247170781893,0.0831557247998924
11,49,0.12,0.128329893296374,0.00724762993365119,0.048793015963351,0.00321502057613169,0.0826745044718391
11,-36,0.12,0.129253989526274,0.00652796116775269,0.0487190108548654,0.00397055041152263,0.0825059985863006
13,54,0.12,0.129288329861975,0.00675667190694668,0.0488542804199413,0.00394643775720165,0.0824820897650795
13,44,0.12,0.129682543455302,0.00718653416717067,0.0489101528174409,0.00438046553497942,0.0822487803457445
12,49,0.12,0.127301090646996,0.00722931836059214,0.0484750763252045,0.00348025977366255,0.0818995738604132
12,50,0.12,0.127252134271615,0.0073230834411519,0.0484694367458824,0.00346820344650206,0.0818837511460048
11,-35,0.12,0.1277801112426,0.00588250398189292,0.048313216781517,0.00393036265432099,0.0818190983287294
13,55,0.12,0.127397035403273,0.00680323020420739,0.0485806017455258,0.00377764917695473,0.0815936855791271
12,40,0.12,0.127597427776561,0.00750937353256133,0.0485530083543311,0.0040308320473251,0.0814722054973025
17,-46,0.08,0.1404971686138,0.00500059987352402,0.0502136706105796,0.0112324781378601,0.0813633807189762
12,60,0.12,0.125441723140167,0.00666262497564159,0.0482604282751115,0.00315875771604938,0.0811511138858007
9,-41,0.12,0.124252611394429,0.00606554180726059,0.0480012115633076,0.00268856095679012,0.0810105368716583
14,30,0.12,0.130332339220561,0.00720971541323759,0.0489163485052154,0.00600806970164609,0.0809857232149775
9,-40,0.12,0.123689902216148,0.00622356518413646,0.0479498668693214,0.00268454218106996,0.0806748945402171
13,60,0.12,0.123771410925188,0.00658416514643694,0.0479182379535763,0.00336773405349794,0.080031325519423
12,-36,0.12,0.124181426271589,0.00551265907700592,0.0474826184073202,0.00390223122427984,0.0799689359779006
12,-35,0.12,0.123260081646927,0.00529357963595719,0.0472911521095844,0.00385400591563786,0.0795230622624242
14,54,0.12,0.123796283957978,0.0062060156624422,0.0476625806121111,0.0041674704218107,0.0793578531266008
14,35,0.12,0.126319645483107,0.00688440626076673,0.0481184244207332,0.00554992926954732,0.0793373996596727
13,40,0.12,0.123007446355214,0.00676982283307872,0.0473649671037428,0.00421167695473251,0.0789580666607128
14,45,0.12,0.123597640498066,0.00606034614806323,0.0475023177248494,0.00463364840534979,0.0788403038842955
14,40,0.12,0.12312386533666,0.00706141270650423,0.0474659404580247,0.00484262474279835,0.0783473961481496
14,50,0.12,0.121284333438023,0.00671586231904587,0.0470898110637698,0.00417550797325103,0.0780260474489166
13,50,0.12,0.119501763898573,0.00622869642687241,0.0466531942539013,0.00362091692386831,0.0776514780059364
14,55,0.12,0.119712858593262,0.00597702524961393,0.0468521200404156,0.00381381815843621,0.0774942046881436
14,44,0.12,0.120801669432723,0.00590867626613884,0.0468688005741212,0.00452112268518519,0.0774811487543554
11,-45,0.12,0.117653757941864,0.00466885963003547,0.0462542496777835,0.00303819444444444,0.0772357806997366
13,49,0.12,0.11867681171648,0.00630457188873202,0.0465299173260436,0.00364101080246914,0.077157087116451
14,60,0.12,0.118345159840161,0.00582638766401415,0.0466457101873525,0.00360886059670782,0.0769157159554636
12,-45,0.12,0.116572746509812,0.00490451145380833,0.0460597536117403,0.00327128343621399,0.0763898911497262
16,45,0.12,0.12034364752237,0.00618833683950777,0.0468874883622507,0.00540123456790123,0.076316621192479
14,49,0.12,0.117247221109106,0.00637807128964157,0.0461931772833839,0.00389017489711934,0.076147649102042
11,-46,0.12,0.114471845411602,0.00445539228128556,0.0455501900127943,0.00282921810699588,0.0757045733885016
12,-46,0.12,0.114990109650577,0.00491844650480363,0.0457130619122488,0.00312660751028807,0.0756681758423333
13,-36,0.12,0.11599089383582,0.00441618144301845,0.0456174828170612,0.00405896347736626,0.0754483914980927
16,35,0.12,0.119524662318039,0.00681569714406327,0.0467615909005017,0.00607638888888889,0.0752132505777471
16,30,0.12,0.119447341095342,0.00622953070099014,0.0465496760108284,0.00615274562757202,0.0751926066687845
17,30,0.12,0.119830168979405,0.00671827943507926,0.0467780614891823,0.00638985339506173,0.0751014320842359
16,54,0.12,0.116414943381189,0.0058982354482082,0.0460945848993214,0.00455729166666667,0.0750051976354167
17,40,0.12,0.119057404601562,0.0063305362101514,0.046537506773242,0.00615274562757202,0.074952881826296
16,44,0.12,0.1173891449629,0.00598996104925808,0.0461862087203989,0.00524852109053498,0.0749213105341561
13,-45,0.12,0.114130182629664,0.00503197262608977,0.0455355633327031,0.00351240997942387,0.0748098426126497
16,40,0.12,0.117267581588319,0.00596718601952402,0.0460422072270913,0.00579909336419753,0.0743892974673942
11,-40,0.12,0.112614865849588,0.00526219711414244,0.0451861766752663,0.00315473894032922,0.0743353769318952
13,-35,0.12,0.113699623243711,0.00445198377352733,0.0452226521152317,0.00397055041152263,0.0742340280010836
17,50,0.12,0.115783639349297,0.00582226306291064,0.0458092198723456,0.00514805169753086,0.0741702056828395
11,-41,0.12,0.111431503828418,0.0048474461709562,0.044873280200896,0.00298193158436214,0.0738753740220071
16,50,0.12,0.113400829168658,0.00542690574488595,0.0451942635228809,0.00460149819958848,0.0734474363249093
16,55,0.12,0.113260293444787,0.00591025088608561,0.0454471556952836,0.00441663451646091,0.0734119663232175
13,-46,0.12,0.109664210337601,0.00463534364935048,0.0444930803834562,0.00327128343621399,0.072608163920275
17,45,0.12,0.112855493621043,0.00519354299187037,0.0450940859088982,0.00561824845679012,0.072190285217062
14,-36,0.12,0.110255295037832,0.00394141173484493,0.0443242216885583,0.00424784593621399,0.0721472041625201
17,60,0.12,0.109972060474303,0.00558307668075144,0.0447383547667561,0.00438448431069959,0.0716396182586219
17,49,0.12,0.110180636126586,0.00562702387568756,0.0445218018243974,0.00468589248971193,0.0715953396206436
17,35,0.12,0.112524329544946,0.0059023614921857,0.0450761413022445,0.0060643325617284,0.0715781737870258
16,60,0.12,0.109008971414292,0.00502270747820653,0.0444168680336965,0.00403886959876543,0.0714838205714398
12,-40,0.12,0.107238571657299,0.00466112323101319,0.0438226775737237,0.00316277649176955,0.0714218018149745
16,49,0.12,0.108762026070763,0.00536597574166821,0.044170227379087,0.00424784593621399,0.0712418505741151
12,-41,0.12,0.106259323452404,0.0044980846953686,0.0436371028173159,0.00309043852880658,0.0709256148968976
17,44,0.12,0.109374954212332,0.00504061100814386,0.0442832456611875,0.00542132844650206,0.0705072153724446
14,-40,0.12,0.105628216217024,0.00455246783742181,0.0433067996803488,0.00367717978395062,0.0701097859223136
17,54,0.12,0.106503901770801,0.00479775620150983,0.0437146838702579,0.0046778549382716,0.069578381007481
13,-40,0.12,0.103644090194758,0.00407104856161329,0.0427550981776899,0.00319894547325103,0.0694884432443116
14,-35,0.12,0.104548702775491,0.00365811560424222,0.0430713090298935,0.00396653163580247,0.0692355467474456
14,-45,0.12,0.103501374247267,0.00361830555230083,0.0428471731328388,0.00347222222222222,0.069096906703652
17,55,0.12,0.10514230907629,0.00485373891474048,0.043399675622609,0.00458542309670782,0.0689139080241688
13,-41,0.12,0.101262204529662,0.00407806998614942,0.0422938579314397,0.00311455118312757,0.0681794951613508
14,-46,0.12,0.0999993832749228,0.00345944046498367,0.0419883242198695,0.00323511445473251,0.0673584520171129
17,-40,0.12,0.102995584397681,0.0040086489966418,0.042619056782328,0.0052123521090535,0.0672981268392824
16,-36,0.12,0.101581211383672,0.00374496008731273,0.0423991794250789,0.00461757330246914,0.0669909076943193
16,-45,0.12,0.100707063621226,0.00396821739918427,0.0422131874262177,0.004223733281893,0.0668436389688765
14,-41,0.12,0.0988765491329659,0.00405834914586421,0.0417065186175448,0.00329539609053498,0.0666745395452508
16,-40,0.12,0.100358073623691,0.00352849706557904,0.0418717888350433,0.00438448431069959,0.0666207972651159
16,-35,0.12,0.0997011216532218,0.00400910453076063,0.04198766710925,0.00466579861111111,0.0658879238500801
16,-46,0.12,0.0957598517452308,0.0036457689156911,0.0409739393421414,0.00395447530864198,0.0643189098299529
16,-41,0.12,0.0944744318891419,0.00348644382920333,0.0404508515748025,0.00395849408436214,0.063675815495092
17,-41,0.12,0.0939605931752162,0.00357909806481366,0.0403844258152606,0.00452514146090535,0.0628773555817871
17,-36,0.12,0.0938638924340853,0.00298402702914218,0.0403293852308038,0.00489486882716049,0.0625262728892391
17,-35,0.12,0.0936864372152696,0.00317870584313622,0.0402649440277834,0.00509580761316872,0.0622680976354333
17,-45,0.12,0.0922345434764398,0.00296686514866562,0.0399365318685201,0.00430812757201646,0.0620887331239674
17,-46,0.12,0.0884613283808862,0.00285806492929392,0.0389539398602102,0.00402279449588477,0.0601779672844814
